org,taigigo
愛護,虐待
愛国,売国
アーバン,ルーラル
相酌,手酌
アイス,ホット
相席,別席
哀楽,喜怒
相惚れ,片思い
愛する,憎む
会う,別れる
崇める,蔑む
暁,黄昏
明るい,暗い
赤字,黒字
悪,善
悪意,善意
悪日,佳日
悪日,良日
悪運,幸運い
威圧,懐柔
いい,悪い
いいえ,はい
いい加減,丁寧
居開帳,出開帳
生かす,殺す
以下,以上
意外,当然
異議,同義
一括,分割
粋,野暮
生き恥,死に恥
行き,帰り
異義,同義
異郷,故郷
生きる,死ぬ
以降,以前
異国,自国
育毛剤,脱毛剤
委細,概略う
上,下
裏,表
氏,名
有為,無為
ウェイター,ウェイトレス
嘘,本当
嘘,実
嘘吐き,正直者
右往,左往
迂回,直行
受かる,落ちる
雨季,乾季
雨期,乾期
浮き,錘
浮かぶ,沈む
右京,左京
浮く,沈む
有卦,無卦
受け身,働き掛けえ
栄,枯
エアメール,シーメール
営外,営内
永遠,一瞬
鋭角,鈍角
英才,鈍才
詠史,詠物
永住,仮寓
永久歯,乳歯
永続的,一時的
栄華,零落
栄華,没落
衛星,惑星
衛星,遊星
永劫,瞬間
永劫,刹那
栄転,左遷
鋭敏,鈍感
栄誉,恥辱お
男,女
尾,頭
甥,姪
雄,雌
牡,牝
追い風,向かい風
美味しい,不味い
親,子
凹,凸
王,王妃
奥義,初歩
王者,覇者
王子,王女
往事,近事
往時,近時
往日,来日
応召,召集
往信,返信
横断,縦断
往復,片道
悪事,善事
齷齪,悠々
悪習,良習
悪循環,好循環
悪条件,好条件
悪心,善心
悪政,善政
悪声,美声
悪知識,善知識
悪評,好評
悪天,好天
悪風,美風
悪文,名文
悪用,善用
上げ,下げ
上げ潮,下げ潮
潔い,未練がましい
意字,音字
畏日,愛日
遺失,取得
萎縮,伸長
異状,平常
医者,患者
移出,移入
異常,正常
異色,平凡
偉人,凡人
異性,同性
磯,沖
忙しい,暇
勤しむ,怠る
受取人,差出人
薄化粧,厚化粧
雨天,晴天
右折,左折
氏子,氏神
艮,巽
失う,得る
有情,無情
有情,非情
有心,無心
薄曇り,本曇り
有象,無象
疑う,信じる
歌男,歌女
内稽古,出稽古
内房,外房
英和辞典,和英辞典
笑顔,泣き顔
液化,気化
液体,気体
エキスパート,ビギナー
益金,損金
益鳥,害鳥
絵凧,字凧
枝,幹
Ｓ極,Ｎ極
Ｓ波,Ｐ波
Ｘ脚,Ｏ脚
エクステリア,インテリア
応分,過分
横柄,謙虚
応募,募集
往路,復路
横列,縦列
大字,小字
大雨,小雨
大物,小物
大家,店子
多い,少ない
大柄,小柄
大きい,小さい
大声,小声
大潮,小潮
オーソドックス,ヘテロドックス
朝霞,夕霞
朝方,夕方
暑い,寒い
厚い,薄い
暖かい,寒い
暖かい,冷たい
新しい,古い
後書き,前書き
後付け,前付け
後払い,前払い
彼方,此方
貴方,私
侮る,敬う
兄貴分,弟分
あの世,この世
甘い,辛い
甘い,苦い
甘党,辛党
余る,足りない
有る,無い
洗う,汚す
異族,同族
已然,未然
委託,受託
一軍,二軍
一言,多言
一事,万事
一時,常時
一代,永代
一人前,半人前
一瞥,熟視
一面,多面
一面,他面
一致,相違
一致,不一致
一致点,相違点
一流,二流
一流,三流
一長,一短
逸材,凡才
溢美,溢悪
一定,不定
内沙汰,表沙汰
内風呂,外風呂
内風呂,銭湯
内孫,外孫
内股,外股
現（うつつ）,夢
美しい,醜い
移す,留める
うっすら,はっきり
鬱陶しい,清清しい
鬱病,躁病
奪う,与える
内気,勝ち気
うまい,まずい
うまい,へた
右翼,左翼
薄着,厚着
埋める,掘る
裏声,地声
エクスポート,インポート
穢土,浄土
悦服,威服
エゴイスト,アルトルイスト
得易い,得難い
エピローグ,プロローグ
恵方,塞がり
エロス,アガペー
演繹,帰納
演繹法,帰納法
嚥下,吐瀉
遠隔,近隣
遠眼,近眼
円形,方形
遠距離,近距離
怨恨,恩義
衍字,脱字
燕雀,鴻鵠
臆病,豪胆
奥行,間口
治まる,乱れる
雄蕊,雌蕊
押す,引く
汚水,浄水
遅い,早い
遅い,速い
教わる,教える
劣る,優る
大人,子供
重い,軽い
愚か,賢い
叔母,叔父
伯母,伯父
雄花,雌花
お袋,親父
汚名,美名
面舵,取り舵
覚える,忘れる
汚染,清浄
現す,隠す
粗い,細かい
袷,単衣
暗算,筆算
暗愚,賢明
暗黒,光明
安心,心配
安心,不安
安全,危険
案の定,案外
安定,不安定
安定,変動
アントニム,シノニム
暗転,好転
暗夜,月夜
暗喩,直喩
安楽,苦労
アンラッキー,ラッキー
移動,固定
以内,以外
違反,遵守
違法,合法
イブ,アダム
居間,客間
イミテーション,ジェニュイン
依頼心,独立心
入れる,出す
陰鬱,明朗
陰気,陽気
陰極,陽極
韻文,散文
隠喩,直喩
インフレ,デフレ
裏面,表面
裏側,表側
裏通り,表通り
売値,買値
裏口,表口
憂い,喜び
嬉しい,悲しい
嬉し涙,悔し涙
売掛金,買掛金
上着,下着
上手,下手
上値,下値
上履き,下履き
上髭,下髭
上役,下役
運,不運
運航,欠航
運動,静止
遠写,近写
演習,実戦
遠心,求心
遠大,狭小
延長,短縮
円満,不和
塩水,淡水
厭世家,楽天家
円陣,方陣
円錐,角錐
円柱,角柱
円高,円安
炎天,寒天
円墳,方墳
遠洋,近海
閻魔顔,恵比須顔
汚点,美点
重荷,軽荷
親分,子分
親指,小指
終わる,始まる
恩人,仇敵
御社,小社
穏健,過激
穏健派,強硬派
女手,男手
女結び,男結び
女冥利,男冥利
音読,黙読
音読,訓読か
カオス,コスモス
カソード,アノード
外圧,内圧
外延,内包
開会,閉会
海面,海中
海上,陸上
開幕,終幕
外角,内角
外観,内容
外形,実質
開業,閉業
改善,改悪
解雇,雇用
外交,内政
概算,精算
開始,終了き
岸,沖
旧,新
虚,実
貴,賎
強,弱
北,南
記憶,忘却
既往,以往
気重,気軽
奇禍,僥倖
器楽,声楽
危惧,安堵
喜劇,悲劇
帰結,理由
既決,未決
帰港,出港
起工,竣工
起工,完工き
金納,物納
勤勉,怠惰
近辺,遠方
苦,楽
黒,白
薬,毒
屑,宝
屈,伸
食い気,色気
クイーン,キング
クイック,スロー
苦境,楽境
空間,時間
空気感染,接触感染
偶吟,苦吟
空車,実車け
ケアレス,ケアフル
軽科,重科
境外,境内
軽患,重患
慧眼,凡眼
軽快,鈍重
軽快,荘重
警戒色,保護色
経験,思弁
敬具,拝啓
軽減,加重
軽工業,重工業
軽視,重視
形而上,形而下
軽症,重症
軽傷,重傷
警戒,油断こ
故意,過失
濃い,薄い
濃い,淡い
好意,悪意
好意,敵意
高緯度,低緯度
公印,私印
高遠,卑近
高価,安価
高価,廉価
硬化,軟化
硬貨,紙幣
高雅,低俗
公海,領海
高貴,下賤
広義,狭義
好転,悪化
好況,不況
概説,詳説
外地,内地
害虫,益虫
快調,不調
買手,売手
解任,就任
解任,任命
解放,拘束
快楽,苦痛
加害,被害
拡大,縮小
各論,総論
寡作,多作
過小,過大
過小,過多
過剰,不足
加算,減算
仮性,真性
課税,免税
仮説,定説
仮設,常設
過疎,過密
過度,適度
既婚,未婚
希釈,濃縮
希少,夥多
起床,就寝
気丈,気弱
既成,未成
偽善,偽悪
吉日,凶日
几帳面,ずぼら
既遂,未遂
奇数,偶数
帰省ラッシュ,Uターンラッシュ
吉報,凶報
吉夢,悪夢
起点,終点
機敏,遅鈍
起伏,平坦
義務,権利
義父,義母
偽名,実名
逆境,順境
却下,受理
空席,満席
空虚,充実
空前,絶後
空疎,充実
空想,現実
空想的,現実的
空弾,実弾
偶蹄類,奇蹄類
偶発的,計画的
空理,実理
空腹,満腹
陸路,海路
愚挙,壮挙
苦言,甘言
愚妻,賢妻
公家,武家
愚察,賢察
愚者,賢者
口授,筆授
具象,抽象
愚説,卓説
苦戦,善戦
具体,抽象
継子,実子
慶事,弔事
形式,内容
軽率,慎重
軽少,莫大
経線,緯線
継続,断絶
継続,中断
経度,緯度
軽微,甚大
軽蔑,尊敬
迎撃,出撃
下界,天上
激増,激減
下戸,上戸
夏至,冬至
下作,上作
下策,上策
下種,上種
下水,上水
下旬,上旬
結合,分離
月光,日光
好景気,不景気
攻撃,防御
攻撃,守備
高潔,卑劣
高血圧,低血圧
公権,私権
合憲,違憲
好材料,悪材料
公傷,私傷
高姿勢,低姿勢
高尚,低俗
向上,堕落
向上,低下
後進,先進
攻勢,守勢
公道,私道
広大,狭小
巧遅,拙速
高地,低地
好調,不調
公的,私的
公転,自転
購入,売却
借りる,貸す
借りる,返す
可燃,不燃
華美,質素
上座,下座
官学,私学
歓喜,悲哀
寒気,暑気
官軍,賊軍
簡潔,冗長
完結,未完
関西,関東
贋作,真作
観察,実験
漢字,仮名
元日,大晦日
頑丈,華奢
求職,求人
給水,配水
急進,漸進
休日,平日
急性,慢性
急落,急騰
供給,需要
狂気,正気
強健,病弱
強固,軟弱
凶作,豊作
興,不興
協調,排他
協調,対立
拒否,承認
拒否,承諾
拒否,応諾
具体化,抽象化
具体的,抽象的
口軽,口重
口下手,口上手
下り,上り
下る,上る
屈曲,伸張
愚直,狡猾
愚鈍,利発
苦難,快楽
配る,集める
愚昧,賢明
組頭,組子
与し易い,手強い
曇り,晴れ
曇る,照る
与する,敵する
結婚,離婚
傑作,駄作
決断,躊躇
欠点,美点
結党,解党
結尾,起首
下落,騰貴
原因,結果
嫌悪,愛好
健康,病気
健康,病弱
原告,被告
顕在,潜在
現在,過去
現在,未来
現実,理想
原書,訳書
硬派,軟派
後輩,先輩
購買,販売
硬筆,毛筆
好評,不評
幸福,不幸
公平,差別
公法,私法
高慢,謙虚
巧妙,稚拙
公用,私用
公立,私立
国立,私立
交流,直流
極楽,地獄
午後,午前
誤字,正字
官製,私製
閑静,喧騒
幹線,支線
完全,欠如
寛大,狭量
簡単,複雑
寒中,暑中
閑中,忙中
干潮,満潮
貫徹,挫折
寒波,熱波
完敗,圧勝
完備,不備
灌木,喬木
完訳,抄訳
寛容,厳格
簡略,詳細
寒流,暖流
寒冷,温暖
共同,単独
共有,専有
許可,禁止
極大,極小
虚像,実像
疑念,確信
凝固,融解
着る,脱ぐ
綺麗,汚い
巨大,微小
嫌う,好む
キラキラネーム,シワシワネーム
近接,遠隔
近代,古代
近因,遠因
近国,遠国
近視,遠視
緊張,弛緩
蔵入れ,蔵出し
クリエイティブ,イミテイティブ
苦しみ,楽しみ
苦しむ,楽しむ
来る年,行く年
暮れ,明け
黒星,白星
黒目,白目
玄人,素人
黒潮,親潮
詳しい,疎い
加える,除く
君子,小人
君主,臣下
軍需,民需
軍人,文民
軍縮,軍拡
訓読み,音読み
現象,本体
健側,患側
圏内,圏外
減少,増加
現状維持,現状打破
現職,前職
賢人,愚人
現世,来世
原則,例外
減退,増進
献杯,返杯
倹約,贅沢
倹約,奢侈
倹約,浪費
謙遜,不遜
原理,応用
極寒,酷暑
語幹,語尾
語尾,語頭
語末,語頭
古参,新参
古風,今風
個人,社会
個人,団体
個別,全体
個別,総合
根幹,枝葉
困窮,裕福
困難,容易
根本,枝葉
混乱,整頓
混乱,秩序
混乱,統一さ
罪,功
細雨,大雨
債権,債務
債権者,債務者
在家,出家
採血,輸血
才女,才子
細字,太字
最初,最後
再犯,初犯
再婚,初婚
財産刑,自由刑
栽培,自生
細説,概説
最古,最新
採光,遮光
最高,最低し
始,終
始,末
子,親
死,生
私,公
師,弟
試案,成案
至易,至難
自愛,自虐
自愛,他愛
子音,母音
私益,公益
私営,公営
自我,非我
紫外線,赤外線
自覚,覚他
私企業,公企業し
集中,分散
柔軟,強硬
収入,支出
収賄,贈賄
主観,客観
主賓,陪賓
祝賀,哀悼
祝辞,弔辞
熟練,未熟
主語,述語
主食,副食
主人,客人
主体,客体
受諾,拒絶
出御,入御
出勤,欠勤
出席,欠席す
水,火
水圧,気圧
水面,水底
衰運,盛運
水害,干害
衰退,発展
水平,垂直
水田,陸田
水浴,温浴
進む,退く
素直,意地っ張り
既に,未だに
頭脳労働,肉体労働
好き,嫌い
素早い,鈍い
鋭い,鈍いそ
疎,密
粗,精
粗,密
増,減
憎,愛
粗悪,精好
増益,減益
造花,生花
創刊,廃刊
争議,和解
相応,不相応
創業,守成
創業,廃業
総計,小計
壮健,病弱
相互的,一方的
早婚,晩婚
罪過,功績
歳出,歳入
細心,放胆
最善,最悪
最前列,最後列
最多,最少
最上,最下
妻帯,独身
最大,最小
最大限,最小限
最高値,最安値
最短,最長
財団,社団
才物,鈍物
細別,大別
歳末,歳旦
細密,粗大
在銘,無銘
在来種,外来種
在来線,新幹線
最良,最悪
磁器,陶器
死去,誕生
時化,凪
刺激,反応
自国語,外国語
自己資本,他人資本
自罪,原罪
自作,代作
思索的,経験的
自殺,他殺
資産,負債
事実,虚構
支社,本社
師匠,弟子
死者,生者
鎮める,煽る
自然,人工
自薦,他薦
事前,事後
集中,散漫
出発,到着
出版,絶版
主役,脇役
受領,提出
消耗,蓄積
私費,公費
弱肉強食,共存共栄
春分,秋分
順風,逆風
昇格,降格
勝者,敗者
乗車,下車
乗馬,下馬
上昇,下降
上昇,低下
上席,末席
饒舌,緘黙
承諾,拒絶
消灯,点灯
上等,下等
衰亡,興隆
睡眠,覚醒
澄む,濁る
すべすべ,ざらざら
瀬,淵
成案,草案
清音,濁音
正確,不正確
正義,不義
正答,誤答
清潔,不潔
制限,無制限
正攻,奇襲
精巧,粗雑
正座,安座
生産,消費
生産者,消費者
正式,略式
早参,遅参
早産,晩産
増産,減産
送辞,答辞
増資,減資
相思相愛,片思い
漕手,舵手
早秋,晩秋
増収,減収
早熟,晩成
早熟,晩熟
早成,晩成
早春,晩春
送信,受信
送信機,受信機
増水,減水
喪失,獲得
増税,減税
増配,減配
騒然,粛然
創造,模倣
差益,差損
冴える,鈍る
栄える,衰える
逆手,順手
逆らう,従う
盛り場,場末
昨日,明日
左傾,右傾
左舷,右舷
削減,増加
削減,追加
削除,増補
削除,添加
削除,付加
些細,重大
囁く,叫ぶ
鎖国,開国
座礁,離礁
自然災害,人為災害
死蔵,活用
子息,息女
子孫,先祖
子孫,祖先
失意,得意
実益,実害
質疑,応答
失業,就業
実業,虚業
失効,発効
執行機関,議決機関
漆黒,純白
実在,架空
実質,形式
実質犯,形式犯
上品,下品
勝利,敗北
蒸留,乾留
詳論,略論
助演,主演
初夏,晩夏
序曲,終曲
食後,食前
徐行,疾行
処女,童貞
女性,男性
諸善,諸悪
女装,男装
上流,下流
叙事,抒情
序論,本論
序文,跋文
自力,他力
精子,卵子
誠実,不実
誠実,不誠実
静寂,喧噪
脆弱,強靭
成熟,未熟
精神,肉体
精神的,物質的
正装,略装
精読,乱読
整頓,乱雑
整然,雑然
成文律,不文律
正門,裏門
西洋,東洋
清流,濁流
正論,邪論
積極,消極
総則,細則
相対的,絶対的
早着,遅着
送別,留別
双方,片方
双方,一方
早漏,遅漏
阻害,助長
即位,退位
俗語,雅語
俗字,正字
側室,正室
促進,抑制
続伸,続落
属性,実体
速筆,遅筆
側面,正面
齟齬,符合
細波,大波
雑居房,独房
雑種,純系
雑詠,題詠
雑収入,定収入
雑多,斉一
雑木,名木
里親,里子
悟り,迷い
左派,右派
差別,平等
妨げる,助ける
冷める,暖まる
左右,前後
明か,仄か
作用,反作用
左腕,右腕
参加,不参加
座礼,立礼
酸化,還元
山上,山下
残暑,余寒
斬新,陳腐
参議院,衆議院
賛成,反対
産前,産後
山賊,海賊
山頂,山麓
山道,海道
散瞳,縮瞳
散発,連発
酸性,アルカリ性
湿潤,乾燥
失職,就職
実戦,理論
質素,贅沢
失敗,成功
質問,解答
質問,回答
質問,答弁
市内,市外
詩的,散文的
自動,他動
支配,従属
地味,派手
邪悪,善良
弱者,強者
借用,貸与
借用,返済
釈放,拘禁
釈放,検挙
邪道,正道
自由,専制
自由,束縛
自由,統制
醜悪,美麗
従因,主因
衆院,参院
縦貫,横貫
収益,損失
終業,始業
集結,散開
充血,貧血
集合,解散
収縮,拡大
収縮,膨張
終着,始発
自立,依存
じり貧,じり高
自律,他律
自立語,付属語
新鋭,古豪
進化,退化
進行,停止
進行,後退
人災,天災
心的,物的
人的,物的
紳士,淑女
真実,虚偽
進取,退嬰
辛勝,楽勝
新制,旧制
心服,畏服
進歩,退歩
進歩的,保守的
親密,疎遠
深層,表層
信用,不信
深夜,白昼
新約,旧約
新訳,旧訳
新暦,旧暦
針葉樹,広葉樹
進路,退路
新例,古例
新郎,新婦
シンメトリック,アシメトリック
積極的,消極的
接近,離脱
接近,離反
絶対,相対
接頭語,接尾語
設置,撤去
絶望,希望
絶賛,酷評
絶頂,どん底
浅見,卓見
漸減,漸増
善業,悪業
先刻,後刻
全国紙,地方紙
戦前,戦後
前妻,後妻
前進,後退
前世,来世
専制的,民主的
全体,部分
全部,一部
先天,後天
全日制,定時制
専任,兼任
全貌,一斑
前回,次回
千秋楽,初日
全身,局部
占領,撤退
善良,不良
善玉,悪玉
千両役者,大根役者
鮮明,不鮮明
浅慮,深慮
前輪,後輪
底値,天井値
粗雑,精密
組織票,浮動票
粗食,美食
疎水,親水
素数,非素数
即効性,遅効性
続行,中止
粗暴,温和
粗野,優雅
祖父,祖母
背く,従う
粗糖,精糖
外側,内側
外面,内面
外堀,内堀
外蓋,内蓋
粗末,大切
粗末,立派
ゾル,ゲル
ソロ,ユニゾン
ソワレ,マチネ
疎漏,厳密
尊敬,侮辱
尊崇,冒涜
尊属,卑属
尊大,卑下
尊重,無視
損害,利益
尊皇,佐幕
損友,益友た
田,畑
退会,入会
体言,用言
大器,小器
大群,小群
大規模,小規模
大吉,大凶
大義,小義
退却,進撃
大国,小国
対抗,本命
対抗,結託
大差,小差
第三者,当事者
代書,自書
大勝,大敗
耐暑,耐寒
大事,小事ち
父,母
父親,母親
父方,母方
地下,地上
稚魚,成魚
蓄財,散財
遅刻,早退
治水,治山
遅効性,速効性
恥辱,名誉
父の日,母の日
縮む,伸びる
縮める,伸ばす
知能犯,強力犯
遅発,早発
地平線,水平線
地方公務員,国家公務員つ
追随,率先
追跡,逃走
対幅,独幅
費やす,蓄える
通学,独学
通勤,住み込み
通常国会,特別国会
通常国会,臨時国会
通常逮捕,緊急逮捕
通常逮捕,現行犯逮捕
通常葉書,往復葉書
通水,断水
通人,野暮天て
手,足
天,地
低圧,高圧
低位,高位
低温,高温
低音,高音
定温動物,変温動物
低額,高額
低学年,高学年
低気圧,高気圧
定期,不定期
低級,高級
定休,臨休
定期預金,普通預金
低吟,高吟
締結,廃棄と
登校,下校
問う,答える
尊い,卑しい
同意語,反意語
同一,不同
頭韻,脚韻
同化,異化
東欧,西欧
同義語,反対語
同義語,反意語
同義語,対義語
同居,別居
同業,異業
同系,異系
当校,他校
統合,分化
統合,分裂
動産,不動産
大乗,小乗
退職,就職
大食,小食
泰然自若,戦戦恐恐
大胆,小心
大胆,小胆
体内,体外
大発会,大納会
逮捕,釈放
大量,少量
大漁,不漁
体力,気力
対話,独話
ダウンロード,アップロード
地方税,国税
地方分権,中央集権
緻密,杜撰
緻密,散漫
地変,天変
着席,起立
着任,離任
着工,完工
着陸,離陸
中元,歳暮
中央,地方
中古,新品
忠告,追従
注釈,本文
中心,周辺
通性,特性
通称,本名
通説,異説
通読,熟読
ツーピース,ワンピース
通有,特有
通覧,熟覧
通例,異例
通例,特例
通論,各論
通論,異論
つかむ,離す
束の間,永久
月末,月初め
月並み,風変わり
逓減,逓増
抵抗,屈服
定時,随時
定時,臨時
貞淑,淫奔
低所,高所
貞女,淫婦
泥酔,微酔
定数,変数
定性分析,定量分析
定説,異説
貞節,不貞
提訴,応訴
提訴,受訴
低利,高利
等式,不等式
当事国,第三国
当社,他社
闘争,和合
謄本,抄本
統治者,被治者
動脈,静脈
冬眠,夏眠
同門,他門
同質,異質
同種,異種
登場,退場
当選,落選
動的,静的
読点,句点
当番,非番
倒す,起こす
手弱女,益荒男
鷹派,鳩派
他国,自国
多神教,一神教
達筆,悪筆
他人,身内
他人,自分
駄馬,駿馬
多勢,無勢
多弁,寡黙
多忙,閑暇
立つ,すわる
奪還,奪取
脱稿,起稿
脱色,染色
脱退,加入
忠臣,逆臣
中枢,末梢
中絶,持続
中毒,解毒
懲悪,勧善
長調,短調
弔電,祝電
長髪,短髪
頂上,麓
長身,短身
挑戦,応戦
張力,圧力
長女,長男
懲罰,褒賞
朝礼,終礼
長編,短編
直筆,曲筆
月夜,闇夜
着く,発つ
付く,取れる
作り話,実話
作り声,地声
つける,消す
呟く,喚く
繋ぐ,切る
常々,折々
常に,稀に
常に,偶に
粒餡,漉し餡
妻,夫
詰袖,振袖
梅雨入り,梅雨明け
強い,弱い
低率,高率
定立,反定立
手枷,足枷
敵,味方
敵国,与国
適切,不適切
適当,不適当
適任,不適任
でぶ,やせ
弟子,師
弟子,師匠
弟子,先生
適格,欠格
適格,不適格
摘発,看過
出口,入り口
凸凹,平ら
動揺,安定
東洋医学,西洋医学
当主,先代
同類,異類
遠い,近い
通す,塞ぐ
度外視,重要視
都会,田舎
得,損
時折,度度
時時,度度
独演,共演
独唱,合唱
特殊,一般
特殊,普遍
特殊性,一般性
多様性,画一性
多量,少量
単一,複合
単行本,全集
単式,複式
単純,複雑
短所,長所
短小,長大
淡水湖,鹹水湖
誕生,死亡
暖色,寒色
暖冬,厳冬
単数,複数
断念,執着
短命,長寿
短慮,深慮
直言,曲言
直訳,意訳
直射光,反射光
長子,末子
直球,変化球
直前,直後
直径,半径
直接,間接
直線,曲線
直観,推論
沈下,隆起
鎮火,発火
鎮火,出火
賃貸,賃借
賃借権,賃貸権
鎮静,興奮
陳腐,新奇
沈没,浮上
強気,弱気
強腰,弱腰
強気筋,弱気筋
強材料,弱材料
強火,弱火
強み,弱み
貫く,挫ける
つるつる,ざらざら
連れ込む,連れ出す
天為,人為
天国,地獄
天才,凡才
天使,悪魔
点在,密集
転借,転貸
恬淡,貪欲
点線,実線
転出,転入
伝統,革新
伝説,史実
天然樹脂,合成樹脂
伝授,伝受
天動説,地動説
天罰,天佑
天然,人工
独創,模倣
得点,失点
特別,普通
独立,依存
独立,隷属
独立,従属
得恋,失恋
溶ける,固まる
登山,下山
年上,年下
整う,乱れる
ドライ,ウエット
トラジック,コミック
取る,捨てる
鈍感,敏感
鈍足,俊足な
内,外
中,外
内因,外因
内科,外科
内職,本職
内苑,外苑
内勤,外勤
内径,外径
内示,公示
内在的,外在的
内需,外需
内部,外部
内助,外援
内用,外用
内親王,親王な
難産,安産
軟式,硬式
軟質,硬質
難解,平易
南東,北西
南下,北上
南欧,北欧
南北,東西
南極,北極
新妻,古妻
荷受け,荷送り
苦手,得手
苦手,得意に
入金,出金
入港,出港
入札,落札
入室,退室
入社,退社
入場,退場
入籍,除籍
入選,落選
入隊,除隊
入団,退団
二枚目,三枚目
任意,強制
人間界,自然界
人間業,神業ね
値下げ,値上げ
熱,冷
ネガ,ポジ
ネガティブ,ポジティブ
根暗,根明
猫面,馬面
熱愛,憎悪
熱気,冷気
熱帯,寒帯
熱心,不熱心
熱中,退屈
熱湯,冷水
熱湯,微温湯
粘る,諦めるの
濃,淡
濃艶,清楚
納会,発会
農業,工業
農業,商業
濃厚,希薄
濃厚,淡白
濃彩,淡彩
納税,徴税
農地,宅地
納入,徴収
能動,受動
農繁期,農閑期
能動的,受動的
能文,拙文
長生き,早死に
仲直り,仲違い
長羽織,茶羽織
ナット,ボルト
夏物,冬物
夏木立,冬木立
夏山,冬山
夏日,冬日
撫で肩,怒り肩
名前,苗字
怠け者,働き者
生返事,二つ返事
軟骨,硬骨
賑やか,寂しい
憎しみ,慈しみ
肉眼,心眼
肉食,菜食
肉食,草食
逃げる,追う
二元論,一元論
日舞,洋舞
日食,月食
贋物,本物
二毛作,一毛作
入院,退院
入会,脱会
入学,卒業ぬ
縫い針,待ち針
縫う,解く
抜く,刺す
抜く,はめる
脱ぐ,着る
脱ぐ,履く
脱ぐ,被る
温燗,熱燗
濡れる,乾く
眠る,覚める
寝る,起きる
寝技,立ち技
年長,年少
年始,年末
年頭,年末
能弁,訥弁
昇る,沈む
後々,前々
ノーマル,アブノーマル
後の世,先の世
後程,先程
野中,町中
野良犬,飼い犬
野良猫,飼い猫
のろのろ,てきぱき
暢気,せっかち
ノンフィクション,フィクションは
敗因,勝因
売価,原価
敗軍,勝軍
背景,前景
廃止,存続
廃止,存置
稗史,正史
排泄,摂取
背臨,臨書
入る,出る
敗走,追撃
背面,正面
敗訴,勝訴
莫迦,利口
破壊,建設
破戒,持戒
莫大,僅少ひ
東,西
美,醜
B.C.,A.D.
ヒーロー,ヒロイン
引く,足す
悲運,幸運
被害者,加害者
控え目,大袈裟
日陰,日向
日傘,雨傘
干菓子,生菓子
東風,西風
東側,西側
東日本,西日本
東半球,西半球
光,影ふ
歩合給,固定給
風車,水車
封書,葉書
風流,無風流
増える,減る
フォーマル,インフォーマル
醜男,色男
フォルティッシモ,ピアニシモ
部下,上司
深い,浅い
部外,部内
不可逆,可逆
富貴,貧困
俯角,仰角
不確実,確実ふ
ブラック企業,ホワイト企業
分析,総合
文明,未開
分裂,合同
分裂,統一
閉,開
平穏,不穏
閉音節,開音節
平滑筋,横紋筋
閉館,開館
平家,源氏
閉経,初経
閉口,開口
閉校,開校
閉講,開講ほ
豊,凶
忙,閑
防,攻
報恩,忘恩
暴飲,暴食
暴食,節食
放火,失火
邦貨,外貨
邦楽,洋楽
包含,除外
傍観,介入
防寒,防暑
放棄,行使
放棄,保持
暴君,仁君
傍系,直系
望月,朔月
薄情,厚情
博学多才,浅学非才
白眼,青眼
白梅,紅梅
白票,青票
白米,玄米
剥奪,付与
舶来,国産
働く,怠ける
発生,消滅
白血球,赤血球
発注,受注
恥じる,誇る
吐く,吸う
暴露,隠蔽
薄給,高給
派生的,根源的
外れ,当たり
発熱,解熱
派兵,撤兵
パッシブ,アクティブ
光,闇
避寒,避暑
彼岸,此岸
悲観的,楽観的
引き受ける,断る
引き算,足し算
引き潮,満ち潮
被虐,加虐
ビキナー,エキスパート
卑金属,貴金属
非金属,金属
比丘,比丘尼
低い,高い
否決,可決
微減,微増
非公開,公開
非公式,公式
非合理的,合理的
微弱,強烈
微視的,巨視的
美女,美男
美女,悪女
深さ,浅さ
深手,浅手
不可能,可能
不可分,可分
俯瞰,仰望
俯瞰,仰視
負極,正極
父系,母系
不完全,完全
不機嫌,上機嫌
不起訴,起訴
不急,火急
不器用,器用
副因,主因
福因,禍因
伏臥,仰臥
伏臥,横臥
復学,休学
復学,停学
複眼,単眼
副業,本業
副産物,主産物
袋小路,抜小路
平行,交差
併合,分割
平常,非常
平時,戦時
平然,愕然
平地,山地
平野,山地
閉店,開店
平熱,高熱
平熱,微熱
平年,閏年
閉門,開門
閉鎖,開放
別学,共学
平方根,立方根
平凡,非凡
閉幕,開幕
平民,貴族
平面,曲面
平面図,側面図
平面図,立面図
平面的,立体的
並列,直列
芳香,悪臭
亡国,興国
豊作,凶作
棒上げ,棒下げ
放出,備蓄
飽食,飢餓
邦人,外人
防戦,攻戦
放任,統制
放任,干渉
放浪,定住
補完財,代替財
僕,君
飽和脂肪酸,不飽和脂肪酸
豊富,貧弱
法名,俗名
放電,充電
冒頭,末尾
暴落,暴騰
暴落,高騰
保険者,被保険者
牡丹雪,粉雪
発言,沈黙
発車,停車
発信,受信
流行る,廃れる
バランス,アンバランス
晴れ着,普段着
破廉恥,廉恥
半,丁
繁栄,衰微
半減,倍増
反感,好意
反主流派,主流派
搬入,搬出
反磁性,常磁性
反戦論,主戦論
美女,醜女
微笑,哄笑
密か,露わ
筆禍,舌禍
筆記試験,口述試験
筆述,口述
必然,偶然
必然,蓋然
筆答,口答
必要,不要
皮肉,世辞
否定,肯定
否認,是認
微分,積分
秘密,公然
複式簿記,単式簿記
不公平,公平
不合理,合理
プロ,アマ
服従,反抗
不戦勝,不戦敗
不祝儀,祝儀
不首尾,上首尾
不純,純粋
不浄,清浄
譜代,外様
沸点,氷点
不足,充足
不出来,上出来
筆不精,筆忠実
平和,戦争
ペシミスト,オプティミスト
ペシミズム,オプティミズム
別人,同人
別々,一緒
蔑称,敬称
ヘビー,ライト
ヘテロ,ホモ
偏愛,博愛
返還,没収
変則,正則
変化,不変
偏在,遍在
変事,常事
保母,保父
保護,迫害
保護貿易,自由貿易
誇らしい,恥ずかしい
捕手,投手
保守,革新
母性愛,父性愛
細い,太い
ホット,クール
保留,決定
褒める,けなす
褒める,謗る
滅ぼす,興す
本意,不本意
万朶,一朶
反駁,同調
反比例,正比例
頒布,回収
反逆,帰順
反逆,恭順
判然,漠然
パンデミック,エンデミック
反日,親日
反米,親米
繁忙,閑散
反立,定立
反落,反発
標準語,方言
表面,裏面
肥沃,不毛
美徳,悪徳
開く,閉じる
非力,強力
美名,悪名
白夜,極夜
敏捷,緩慢
貧相,福相
貧乏,富裕
貧乏神,福の神
不当,正当
不変,可変
富裕,貧困
不溶性,可溶性
不利,有利
無礼,慇懃
無礼講,慇懃講
プライベート,パブリック
文官,武官
文語,口語
文頭,文末
分散,集結
変人,常人
便秘,下痢
片務,双務
便利,不便
没後,生前
没年,生年
歩道,車道
牡馬,牝馬
骨太,骨細
保険金,保険料
本格,破格
本家,分家
本妻,妾
凡策,奇策
本店,支店
本流,支流
本道,間道ま
前,後ろ
マイナー,メジャー
マイナス,プラス
毎日,隔日
マイノリティー,マジョリティー
真上,真下
前歯,奥歯
前金,後金
前厄,後厄
マクロ,ミクロ
負け,勝ち
負け戦,勝ち戦
正夢,逆夢
真面目,不真面目
マゾヒズム,サディズム
股上,股下
まだ,もうみ
未,既
見合い結婚,恋愛結婚
見上げる,見下ろす
見失う,見つける
見送り,出迎え
未刊,既刊
右,左
南,北
未解決,解決
未完成,完成
右手,左手
右巻き,左巻き
右四つ,左四つ
未済,既済
短い,長い
ミストレス,マスター
未成年,成年む
昔,今
無意,有意
無縁,有縁
無学,博学
昔風,今風
無期,有期
無機,有機
無機化学,有機化学
無機物,有機物
無給,有給
無口,お喋り
無芸,多芸
無形資産,有形資産
無限大,無限小
無罪,有罪
無作為,作為
無常,常住
無償,有償め
明,暗
迷,悟
名案,愚案
明確,曖昧
明君,暗君
名犬,駄犬
明細,大略
明示,暗示
明色,暗色
明白,不明
名目,実質
名目的,実質的
明瞭,曖昧
目上,目下
雌牛,牡牛
女神,男神
目頭,目尻
女木,男木
メゾピアノ,メゾフォルテも
孟夏,季夏
設ける,廃する
申し込む,受け付ける
孟秋,季秋
孟春,季春
孟冬,季冬
妄評,適評
燃える,消える
モガ,モボ
模擬試験,本試験
目迎,目送
目測,実測
目的,手段
目的税,普通税
黙秘,供述
木本,草本
模型,実物
モダン,クラシック
末裔,始祖
末期,初期
末梢神経,中枢神経
末端,先端
真っ黒,真っ白
真っ赤,真っ青
学ぶ,教える
真冬,真夏
真帆,片帆
迷う,悟る
丸,角
○,×
まれ,ざら
回り道,近道
満月,新月
満了,未了
満足,不満
未設,既設
密教,顕教
未知,既知
未知数,既知数
未満,超過
密集,散在
密林,疎林
未定,既定
認め印,実印
妙案,愚案
妙技,拙技
妙手,悪手
民営,国営
民間,官界
民事,刑事
民主国,君主国
民主政治,独裁政治
民主的,封建的
ミニマム,マキシマム
未納,既納
見本,現物
未収,既収
無趣味,多趣味
無神経,神経質
無神論,有神論
無数,有数
無上,無下
無色,有色
無翅類,有翅類
無職,有職
無人,有人
結ぶ,解く
無性生殖,有性生殖
無生物,生物
無脊椎動物,脊椎動物
無線,有線
無知,博識
無配,有配
無病,多病
無欲,貪欲
無欲,強欲
無理,道理
無料,有料
メタファー,シミリ
鍍金,地金
滅亡,興隆
目の毒,目の薬
メーカー,ユーザー
メリット,デメリット
メンタル,フィジカル
綿密,粗雑
綿密,杜撰
糯米,粳米
餅肌,鮫肌
持ち家,借り家
モノクロ,カラー
モノトニー,バラエティー
モノローグ,ダイアローグ
戻る,行く
物忘れ,物覚え
諸恋,片恋
諸手,片手
諸膝,片膝
諸結び,片結び
諸刃,片刃
諸肌,片肌
モラル,インモラル
門外漢,専門家
文盲,識字や
山,谷
山,野
山,海
夜雨,朝雨
八重,一重
八重桜,一重桜
夜間,昼間
夜勤,日勤
訳語,原語
訳文,原文
約数,倍数
約束,解約
役人根性,公僕精神
夜行性,昼行性
易しい,難しい
優しい,厳しい
野獣,家畜
安物,上物
安宿,上宿
野性的,都会的
野性派,知性派
野鳥,家禽ゆ
優位,劣位
唯物論,唯心論
有意義,無意義
憂鬱,明朗
有益,無益
優越感,劣等感
優等生,劣等生
勇敢,臆病
夕刊,朝刊
有害,無害
優遇,冷遇
有形,無形
有形文化財,無形文化財
有限,無限
友好,敵対
有効,無効
優秀,劣等
優勢,劣勢
優性,劣性
有酸素運動,無酸素運動
有税,無税よ
夜,昼
夜明け,日暮れ
夜嵐,朝嵐
要員,剰員
洋画,邦画
洋画,日本画
葉芽,花芽
蛹化,羽化
幼魚,成魚
洋犬,和犬
洋語,和語
擁護,侵害
葉菜類,根菜類
養子,実子
洋紙,和紙
養生,不養生
養殖,天然
用水,排水
陽性,陰性
用心,不用心
洋酒,日本酒
幼虫,成虫
陽電子,陰電子ら
来期,今期
来期,前期
来期,先期
来者,往者
来訪,往訪
来航,渡航
来診,宅診
落第,及第
落胆,発奮
洛中,洛外
落胆,有頂天
楽天,厭世
楽天的,厭世的
落魄,栄達
落命,存命
落葉樹,常緑樹
楽観,悲観
楽観的,悲観的
乱臣,忠臣
乱世,治世
卵巣,精巣
乱反射,正反射
ラージ,スモールり
理想主義,現実主義
利息,元金
立体,平面
陸,海
立像,座像
リッチ,プア
立腹,堪忍
利点,欠点
利得,損失
略言,詳言
略字,正字
略字,本字
離日,来日
良妻,悪妻
良性,悪性
両手,片手
量的,質的
良品,不良品
流動的,固定的
両面,片面
良友,悪友
良縁,悪縁
野党,与党
痩せる,太る
山男,山女
山風,谷風
山折り,谷折り
山鳴り,海鳴り
山言葉,沖言葉
山の手,下町
山辺,海辺
山分け,独り占め
病む,治る
止める,続ける
寡婦,寡夫
ヤング,オールド
融点,凝固点
有徳,不徳
有毒,無毒
優等,劣等
有能,無能
雄飛,雌伏
裕福,貧困
雄弁,訥弁
有望,絶望
有名,無名
優良,劣悪
愉快,不快
有力,無力
床,天井
床下,床上
輸出,輸入
溶質,溶媒
養父母,実父母
傭兵,徴兵
抑圧,奨励
沃地,痩地
予算,決算
予習,復習
予選,本選
予想,結果
夜中,日中
夜中,昼中
余分,不足分
喜ぶ,悲しむ
弱音,強がりり
リアクション,アクション
リアリスト,ロマンチスト
利益,損失
俚語,雅語
利下げ,利上げ
理科,文科
離岸,着岸
離岸,接岸
利器,鈍器
力点,支点
理性,感情
理性的,感情的
理性的,盲目的
良質,悪質
リアルタイム処理,バッチ処理
理路整然,支離滅裂
理論,実践
理論家,実務家
理論的,実践的
理論派,行動派
リーグ戦,トーナメント
臨時,定例
臨時,定期
臨時費,経常費
臨時雇い,常雇い
臨床医学,基礎医学る
類火,自火
累減,累加
累減,累増
類概念,種概念
類語,反対語
類似,相違
塁審,球審
累進税,逆進税
流転,静止
ルーズ,ストリクト
ルーズフィット,タイトフィット
流浪,定住
留守,在宅
劣,優
霊界,肉界
冷血動物,温血動物
霊魂,肉体
冷血漢,熱血漢
冷血漢,温情家れ
冷遇,厚遇
零細企業,大企業
令息,令嬢
冷静,興奮
冷泉,温泉
冷戦,熱戦
冷凍,解凍
冷房,暖房
黎明,薄暮
冷淡,親切
礼服,平服
レガート,スタッカート
連勝,連敗
レプリカ,オリジナル
連日,連夜
レム睡眠,ノンレム睡眠
連載,読み切り
連作,輪作
連続,断続
連続,単発
連続的,間欠的ろ
ロー,ハイ
浪費,節約
浪費,貯蓄
労働者,経営者
労働者,資本家
朗報,悲報
老爺,老婆
老練,幼稚
朗話,悲話
露見,隠蔽
露骨,婉曲
露出,遮蔽
露出,被覆
ローリング,ピッチング
ローカル,グローバル
録画,実況
ロング,ショート
論理的,非論理的わ
Y軸,X軸
矮躯,巨躯
矮星,巨星
ワイド,ナロー
和傘,洋傘
和解,決裂
和合,離反
和菓子,洋菓子
若旦那,大旦那
和楽器,洋楽器
和語,漢語
若手,古手
和裁,洋裁
若人,老人
災い,幸い
和算,洋算
和式,洋式
和室,洋室
和書,洋書
和食,洋食
早生,晩生
早生,奥手
私事,公事わ
渡り鳥,留鳥
和風,洋風
和服,洋服
和文,欧文
和本,洋本
ワイフ,ハズバンド
笑う,泣く
悪い,良い
我,彼
悪さ,良さ
割り算,掛け算
割高,割安
ワースト,ベスト
湾内,湾外
虐待,愛護
売国,愛国
ルーラル,アーバン
手酌,相酌
ホット,アイス
別席,相席
喜怒,哀楽
片思い,相惚れ
憎む,愛する
別れる,会う
蔑む,崇める
黄昏,暁
暗い,明るい
黒字,赤字
善,悪
善意,悪意
佳日,悪日
良日,悪日
幸運い,悪運
懐柔,威圧
悪い,いい
はい,いいえ
丁寧,いい加減
出開帳,居開帳
殺す,生かす
以上,以下
当然,意外
同義,異議
分割,一括
野暮,粋
死に恥,生き恥
帰り,行き
同義,異義
故郷,異郷
死ぬ,生きる
以前,以降
自国,異国
脱毛剤,育毛剤
概略う,委細
下,上
表,裏
名,氏
無為,有為
ウェイトレス,ウェイター
本当,嘘
実,嘘
正直者,嘘吐き
左往,右往
直行,迂回
落ちる,受かる
乾季,雨季
乾期,雨期
錘,浮き
沈む,浮かぶ
左京,右京
沈む,浮く
無卦,有卦
働き掛けえ,受け身
枯,栄
シーメール,エアメール
営内,営外
一瞬,永遠
鈍角,鋭角
鈍才,英才
詠物,詠史
仮寓,永住
乳歯,永久歯
一時的,永続的
零落,栄華
没落,栄華
惑星,衛星
遊星,衛星
瞬間,永劫
刹那,永劫
左遷,栄転
鈍感,鋭敏
恥辱お,栄誉
女,男
頭,尾
姪,甥
雌,雄
牝,牡
向かい風,追い風
不味い,美味しい
子,親
凸,凹
王妃,王
初歩,奥義
覇者,王者
王女,王子
近事,往事
近時,往時
来日,往日
召集,応召
返信,往信
縦断,横断
片道,往復
善事,悪事
悠々,齷齪
良習,悪習
好循環,悪循環
好条件,悪条件
善心,悪心
善政,悪政
美声,悪声
善知識,悪知識
好評,悪評
好天,悪天
美風,悪風
名文,悪文
善用,悪用
下げ,上げ
下げ潮,上げ潮
未練がましい,潔い
音字,意字
愛日,畏日
取得,遺失
伸長,萎縮
平常,異状
患者,医者
移入,移出
正常,異常
平凡,異色
凡人,偉人
同性,異性
沖,磯
暇,忙しい
怠る,勤しむ
差出人,受取人
厚化粧,薄化粧
晴天,雨天
左折,右折
氏神,氏子
巽,艮
得る,失う
無情,有情
非情,有情
無心,有心
本曇り,薄曇り
無象,有象
信じる,疑う
歌女,歌男
出稽古,内稽古
外房,内房
和英辞典,英和辞典
泣き顔,笑顔
気化,液化
気体,液体
ビギナー,エキスパート
損金,益金
害鳥,益鳥
字凧,絵凧
幹,枝
Ｎ極,Ｓ極
Ｐ波,Ｓ波
Ｏ脚,Ｘ脚
インテリア,エクステリア
過分,応分
謙虚,横柄
募集,応募
復路,往路
縦列,横列
小字,大字
小雨,大雨
小物,大物
店子,大家
少ない,多い
小柄,大柄
小さい,大きい
小声,大声
小潮,大潮
ヘテロドックス,オーソドックス
夕霞,朝霞
夕方,朝方
寒い,暑い
薄い,厚い
寒い,暖かい
冷たい,暖かい
古い,新しい
前書き,後書き
前付け,後付け
前払い,後払い
此方,彼方
私,貴方
敬う,侮る
弟分,兄貴分
この世,あの世
辛い,甘い
苦い,甘い
辛党,甘党
足りない,余る
無い,有る
汚す,洗う
同族,異族
未然,已然
受託,委託
二軍,一軍
多言,一言
万事,一事
常時,一時
永代,一代
半人前,一人前
熟視,一瞥
多面,一面
他面,一面
相違,一致
不一致,一致
相違点,一致点
二流,一流
三流,一流
一短,一長
凡才,逸材
溢悪,溢美
不定,一定
表沙汰,内沙汰
外風呂,内風呂
銭湯,内風呂
外孫,内孫
外股,内股
夢,現（うつつ）
醜い,美しい
留める,移す
はっきり,うっすら
清清しい,鬱陶しい
躁病,鬱病
与える,奪う
勝ち気,内気
まずい,うまい
へた,うまい
左翼,右翼
厚着,薄着
掘る,埋める
地声,裏声
インポート,エクスポート
浄土,穢土
威服,悦服
アルトルイスト,エゴイスト
得難い,得易い
プロローグ,エピローグ
塞がり,恵方
アガペー,エロス
帰納,演繹
帰納法,演繹法
吐瀉,嚥下
近隣,遠隔
近眼,遠眼
方形,円形
近距離,遠距離
恩義,怨恨
脱字,衍字
鴻鵠,燕雀
豪胆,臆病
間口,奥行
乱れる,治まる
雌蕊,雄蕊
引く,押す
浄水,汚水
早い,遅い
速い,遅い
教える,教わる
優る,劣る
子供,大人
軽い,重い
賢い,愚か
叔父,叔母
伯父,伯母
雌花,雄花
親父,お袋
美名,汚名
取り舵,面舵
忘れる,覚える
清浄,汚染
隠す,現す
細かい,粗い
単衣,袷
筆算,暗算
賢明,暗愚
光明,暗黒
心配,安心
不安,安心
危険,安全
案外,案の定
不安定,安定
変動,安定
シノニム,アントニム
好転,暗転
月夜,暗夜
直喩,暗喩
苦労,安楽
ラッキー,アンラッキー
固定,移動
以外,以内
遵守,違反
合法,違法
アダム,イブ
客間,居間
ジェニュイン,イミテーション
独立心,依頼心
出す,入れる
明朗,陰鬱
陽気,陰気
陽極,陰極
散文,韻文
直喩,隠喩
デフレ,インフレ
表面,裏面
表側,裏側
表通り,裏通り
買値,売値
表口,裏口
喜び,憂い
悲しい,嬉しい
悔し涙,嬉し涙
買掛金,売掛金
下着,上着
下手,上手
下値,上値
下履き,上履き
下髭,上髭
下役,上役
不運,運
欠航,運航
静止,運動
近写,遠写
実戦,演習
求心,遠心
狭小,遠大
短縮,延長
不和,円満
淡水,塩水
楽天家,厭世家
方陣,円陣
角錐,円錐
角柱,円柱
円安,円高
寒天,炎天
方墳,円墳
近海,遠洋
恵比須顔,閻魔顔
美点,汚点
軽荷,重荷
子分,親分
小指,親指
始まる,終わる
仇敵,恩人
小社,御社
過激,穏健
強硬派,穏健派
男手,女手
男結び,女結び
男冥利,女冥利
黙読,音読
訓読か,音読
コスモス,カオス
アノード,カソード
内圧,外圧
内包,外延
閉会,開会
海中,海面
陸上,海上
終幕,開幕
内角,外角
内容,外観
実質,外形
閉業,開業
改悪,改善
雇用,解雇
内政,外交
精算,概算
終了き,開始
沖,岸
新,旧
実,虚
賎,貴
弱,強
南,北
忘却,記憶
以往,既往
気軽,気重
僥倖,奇禍
声楽,器楽
安堵,危惧
悲劇,喜劇
理由,帰結
未決,既決
出港,帰港
竣工,起工
完工き,起工
物納,金納
怠惰,勤勉
遠方,近辺
楽,苦
白,黒
毒,薬
宝,屑
伸,屈
色気,食い気
キング,クイーン
スロー,クイック
楽境,苦境
時間,空間
接触感染,空気感染
苦吟,偶吟
実車け,空車
ケアフル,ケアレス
重科,軽科
境内,境外
重患,軽患
凡眼,慧眼
鈍重,軽快
荘重,軽快
保護色,警戒色
思弁,経験
拝啓,敬具
加重,軽減
重工業,軽工業
重視,軽視
形而下,形而上
重症,軽症
重傷,軽傷
油断こ,警戒
過失,故意
薄い,濃い
淡い,濃い
悪意,好意
敵意,好意
低緯度,高緯度
私印,公印
卑近,高遠
安価,高価
廉価,高価
軟化,硬化
紙幣,硬貨
低俗,高雅
領海,公海
下賤,高貴
狭義,広義
悪化,好転
不況,好況
詳説,概説
内地,外地
益虫,害虫
不調,快調
売手,買手
就任,解任
任命,解任
拘束,解放
苦痛,快楽
被害,加害
縮小,拡大
総論,各論
多作,寡作
過大,過小
過多,過小
不足,過剰
減算,加算
真性,仮性
免税,課税
定説,仮説
常設,仮設
過密,過疎
適度,過度
未婚,既婚
濃縮,希釈
夥多,希少
就寝,起床
気弱,気丈
未成,既成
偽悪,偽善
凶日,吉日
ずぼら,几帳面
未遂,既遂
偶数,奇数
Uターンラッシュ,帰省ラッシュ
凶報,吉報
悪夢,吉夢
終点,起点
遅鈍,機敏
平坦,起伏
権利,義務
義母,義父
実名,偽名
順境,逆境
受理,却下
満席,空席
充実,空虚
絶後,空前
充実,空疎
現実,空想
現実的,空想的
実弾,空弾
奇蹄類,偶蹄類
計画的,偶発的
実理,空理
満腹,空腹
海路,陸路
壮挙,愚挙
甘言,苦言
賢妻,愚妻
武家,公家
賢察,愚察
賢者,愚者
筆授,口授
抽象,具象
卓説,愚説
善戦,苦戦
抽象,具体
実子,継子
弔事,慶事
内容,形式
慎重,軽率
莫大,軽少
緯線,経線
断絶,継続
中断,継続
緯度,経度
甚大,軽微
尊敬,軽蔑
出撃,迎撃
天上,下界
激減,激増
上戸,下戸
冬至,夏至
上作,下作
上策,下策
上種,下種
上水,下水
上旬,下旬
分離,結合
日光,月光
不景気,好景気
防御,攻撃
守備,攻撃
卑劣,高潔
低血圧,高血圧
私権,公権
違憲,合憲
悪材料,好材料
私傷,公傷
低姿勢,高姿勢
低俗,高尚
堕落,向上
低下,向上
先進,後進
守勢,攻勢
私道,公道
狭小,広大
拙速,巧遅
低地,高地
不調,好調
私的,公的
自転,公転
売却,購入
貸す,借りる
返す,借りる
不燃,可燃
質素,華美
下座,上座
私学,官学
悲哀,歓喜
暑気,寒気
賊軍,官軍
冗長,簡潔
未完,完結
関東,関西
真作,贋作
実験,観察
仮名,漢字
大晦日,元日
華奢,頑丈
求人,求職
配水,給水
漸進,急進
平日,休日
慢性,急性
急騰,急落
需要,供給
正気,狂気
病弱,強健
軟弱,強固
豊作,凶作
不興,興
排他,協調
対立,協調
承認,拒否
承諾,拒否
応諾,拒否
抽象化,具体化
抽象的,具体的
口重,口軽
口上手,口下手
上り,下り
上る,下る
伸張,屈曲
狡猾,愚直
利発,愚鈍
快楽,苦難
集める,配る
賢明,愚昧
組子,組頭
手強い,与し易い
晴れ,曇り
照る,曇る
敵する,与する
離婚,結婚
駄作,傑作
躊躇,決断
美点,欠点
解党,結党
起首,結尾
騰貴,下落
結果,原因
愛好,嫌悪
病気,健康
病弱,健康
被告,原告
潜在,顕在
過去,現在
未来,現在
理想,現実
訳書,原書
軟派,硬派
先輩,後輩
販売,購買
毛筆,硬筆
不評,好評
不幸,幸福
差別,公平
私法,公法
謙虚,高慢
稚拙,巧妙
私用,公用
私立,公立
私立,国立
直流,交流
地獄,極楽
午前,午後
正字,誤字
私製,官製
喧騒,閑静
支線,幹線
欠如,完全
狭量,寛大
複雑,簡単
暑中,寒中
忙中,閑中
満潮,干潮
挫折,貫徹
熱波,寒波
圧勝,完敗
不備,完備
喬木,灌木
抄訳,完訳
厳格,寛容
詳細,簡略
暖流,寒流
温暖,寒冷
単独,共同
専有,共有
禁止,許可
極小,極大
実像,虚像
確信,疑念
融解,凝固
脱ぐ,着る
汚い,綺麗
微小,巨大
好む,嫌う
シワシワネーム,キラキラネーム
遠隔,近接
古代,近代
遠因,近因
遠国,近国
遠視,近視
弛緩,緊張
蔵出し,蔵入れ
イミテイティブ,クリエイティブ
楽しみ,苦しみ
楽しむ,苦しむ
行く年,来る年
明け,暮れ
白星,黒星
白目,黒目
素人,玄人
親潮,黒潮
疎い,詳しい
除く,加える
小人,君子
臣下,君主
民需,軍需
文民,軍人
軍拡,軍縮
音読み,訓読み
本体,現象
患側,健側
圏外,圏内
増加,減少
現状打破,現状維持
前職,現職
愚人,賢人
来世,現世
例外,原則
増進,減退
返杯,献杯
贅沢,倹約
奢侈,倹約
浪費,倹約
不遜,謙遜
応用,原理
酷暑,極寒
語尾,語幹
語頭,語尾
語頭,語末
新参,古参
今風,古風
社会,個人
団体,個人
全体,個別
総合,個別
枝葉,根幹
裕福,困窮
容易,困難
枝葉,根本
整頓,混乱
秩序,混乱
統一さ,混乱
功,罪
大雨,細雨
債務,債権
債務者,債権者
出家,在家
輸血,採血
才子,才女
太字,細字
最後,最初
初犯,再犯
初婚,再婚
自由刑,財産刑
自生,栽培
概説,細説
最新,最古
遮光,採光
最低し,最高
終,始
末,始
親,子
生,死
公,私
弟,師
成案,試案
至難,至易
自虐,自愛
他愛,自愛
母音,子音
公益,私益
公営,私営
非我,自我
赤外線,紫外線
覚他,自覚
公企業し,私企業
分散,集中
強硬,柔軟
支出,収入
贈賄,収賄
客観,主観
陪賓,主賓
哀悼,祝賀
弔辞,祝辞
未熟,熟練
述語,主語
副食,主食
客人,主人
客体,主体
拒絶,受諾
入御,出御
欠勤,出勤
欠席す,出席
火,水
気圧,水圧
水底,水面
盛運,衰運
干害,水害
発展,衰退
垂直,水平
陸田,水田
温浴,水浴
退く,進む
意地っ張り,素直
未だに,既に
肉体労働,頭脳労働
嫌い,好き
鈍い,素早い
鈍いそ,鋭い
密,疎
精,粗
密,粗
減,増
愛,憎
精好,粗悪
減益,増益
生花,造花
廃刊,創刊
和解,争議
不相応,相応
守成,創業
廃業,創業
小計,総計
病弱,壮健
一方的,相互的
晩婚,早婚
功績,罪過
歳入,歳出
放胆,細心
最悪,最善
最後列,最前列
最少,最多
最下,最上
独身,妻帯
最小,最大
最小限,最大限
最安値,最高値
最長,最短
社団,財団
鈍物,才物
大別,細別
歳旦,歳末
粗大,細密
無銘,在銘
外来種,在来種
新幹線,在来線
最悪,最良
陶器,磁器
誕生,死去
凪,時化
反応,刺激
外国語,自国語
他人資本,自己資本
原罪,自罪
代作,自作
経験的,思索的
他殺,自殺
負債,資産
虚構,事実
本社,支社
弟子,師匠
生者,死者
煽る,鎮める
人工,自然
他薦,自薦
事後,事前
散漫,集中
到着,出発
絶版,出版
脇役,主役
提出,受領
蓄積,消耗
公費,私費
共存共栄,弱肉強食
秋分,春分
逆風,順風
降格,昇格
敗者,勝者
下車,乗車
下馬,乗馬
下降,上昇
低下,上昇
末席,上席
緘黙,饒舌
拒絶,承諾
点灯,消灯
下等,上等
興隆,衰亡
覚醒,睡眠
濁る,澄む
ざらざら,すべすべ
淵,瀬
草案,成案
濁音,清音
不正確,正確
不義,正義
誤答,正答
不潔,清潔
無制限,制限
奇襲,正攻
粗雑,精巧
安座,正座
消費,生産
消費者,生産者
略式,正式
遅参,早参
晩産,早産
減産,増産
答辞,送辞
減資,増資
片思い,相思相愛
舵手,漕手
晩秋,早秋
減収,増収
晩成,早熟
晩熟,早熟
晩成,早成
晩春,早春
受信,送信
受信機,送信機
減水,増水
獲得,喪失
減税,増税
減配,増配
粛然,騒然
模倣,創造
差損,差益
鈍る,冴える
衰える,栄える
順手,逆手
従う,逆らう
場末,盛り場
明日,昨日
右傾,左傾
右舷,左舷
増加,削減
追加,削減
増補,削除
添加,削除
付加,削除
重大,些細
叫ぶ,囁く
開国,鎖国
離礁,座礁
人為災害,自然災害
活用,死蔵
息女,子息
先祖,子孫
祖先,子孫
得意,失意
実害,実益
応答,質疑
就業,失業
虚業,実業
発効,失効
議決機関,執行機関
純白,漆黒
架空,実在
形式,実質
形式犯,実質犯
下品,上品
敗北,勝利
乾留,蒸留
略論,詳論
主演,助演
晩夏,初夏
終曲,序曲
食前,食後
疾行,徐行
童貞,処女
男性,女性
諸悪,諸善
男装,女装
下流,上流
抒情,叙事
本論,序論
跋文,序文
他力,自力
卵子,精子
不実,誠実
不誠実,誠実
喧噪,静寂
強靭,脆弱
未熟,成熟
肉体,精神
物質的,精神的
略装,正装
乱読,精読
乱雑,整頓
雑然,整然
不文律,成文律
裏門,正門
東洋,西洋
濁流,清流
邪論,正論
消極,積極
細則,総則
絶対的,相対的
遅着,早着
留別,送別
片方,双方
一方,双方
遅漏,早漏
助長,阻害
退位,即位
雅語,俗語
正字,俗字
正室,側室
抑制,促進
続落,続伸
実体,属性
遅筆,速筆
正面,側面
符合,齟齬
大波,細波
独房,雑居房
純系,雑種
題詠,雑詠
定収入,雑収入
斉一,雑多
名木,雑木
里子,里親
迷い,悟り
右派,左派
平等,差別
助ける,妨げる
暖まる,冷める
前後,左右
仄か,明か
反作用,作用
右腕,左腕
不参加,参加
立礼,座礼
還元,酸化
山下,山上
余寒,残暑
陳腐,斬新
衆議院,参議院
反対,賛成
産後,産前
海賊,山賊
山麓,山頂
海道,山道
縮瞳,散瞳
連発,散発
アルカリ性,酸性
乾燥,湿潤
就職,失職
理論,実戦
贅沢,質素
成功,失敗
解答,質問
回答,質問
答弁,質問
市外,市内
散文的,詩的
他動,自動
従属,支配
派手,地味
善良,邪悪
強者,弱者
貸与,借用
返済,借用
拘禁,釈放
検挙,釈放
正道,邪道
専制,自由
束縛,自由
統制,自由
美麗,醜悪
主因,従因
参院,衆院
横貫,縦貫
損失,収益
始業,終業
散開,集結
貧血,充血
解散,集合
拡大,収縮
膨張,収縮
始発,終着
依存,自立
じり高,じり貧
他律,自律
付属語,自立語
古豪,新鋭
退化,進化
停止,進行
後退,進行
天災,人災
物的,心的
物的,人的
淑女,紳士
虚偽,真実
退嬰,進取
楽勝,辛勝
旧制,新制
畏服,心服
退歩,進歩
保守的,進歩的
疎遠,親密
表層,深層
不信,信用
白昼,深夜
旧約,新約
旧訳,新訳
旧暦,新暦
広葉樹,針葉樹
退路,進路
古例,新例
新婦,新郎
アシメトリック,シンメトリック
消極的,積極的
離脱,接近
離反,接近
相対,絶対
接尾語,接頭語
撤去,設置
希望,絶望
酷評,絶賛
どん底,絶頂
卓見,浅見
漸増,漸減
悪業,善業
後刻,先刻
地方紙,全国紙
戦後,戦前
後妻,前妻
後退,前進
来世,前世
民主的,専制的
部分,全体
一部,全部
後天,先天
定時制,全日制
兼任,専任
一斑,全貌
次回,前回
初日,千秋楽
局部,全身
撤退,占領
不良,善良
悪玉,善玉
大根役者,千両役者
不鮮明,鮮明
深慮,浅慮
後輪,前輪
天井値,底値
精密,粗雑
浮動票,組織票
美食,粗食
親水,疎水
非素数,素数
遅効性,即効性
中止,続行
温和,粗暴
優雅,粗野
祖母,祖父
従う,背く
精糖,粗糖
内側,外側
内面,外面
内堀,外堀
内蓋,外蓋
大切,粗末
立派,粗末
ゲル,ゾル
ユニゾン,ソロ
マチネ,ソワレ
厳密,疎漏
侮辱,尊敬
冒涜,尊崇
卑属,尊属
卑下,尊大
無視,尊重
利益,損害
佐幕,尊皇
益友た,損友
畑,田
入会,退会
用言,体言
小器,大器
小群,大群
小規模,大規模
大凶,大吉
小義,大義
進撃,退却
小国,大国
本命,対抗
結託,対抗
小差,大差
当事者,第三者
自書,代書
大敗,大勝
耐寒,耐暑
小事ち,大事
母,父
母親,父親
母方,父方
地上,地下
成魚,稚魚
散財,蓄財
早退,遅刻
治山,治水
速効性,遅効性
名誉,恥辱
母の日,父の日
伸びる,縮む
伸ばす,縮める
強力犯,知能犯
早発,遅発
水平線,地平線
国家公務員つ,地方公務員
率先,追随
逃走,追跡
独幅,対幅
蓄える,費やす
独学,通学
住み込み,通勤
特別国会,通常国会
臨時国会,通常国会
緊急逮捕,通常逮捕
現行犯逮捕,通常逮捕
往復葉書,通常葉書
断水,通水
野暮天て,通人
足,手
地,天
高圧,低圧
高位,低位
高温,低温
高音,低音
変温動物,定温動物
高額,低額
高学年,低学年
高気圧,低気圧
不定期,定期
高級,低級
臨休,定休
普通預金,定期預金
高吟,低吟
廃棄と,締結
下校,登校
答える,問う
卑しい,尊い
反意語,同意語
不同,同一
脚韻,頭韻
異化,同化
西欧,東欧
反対語,同義語
反意語,同義語
対義語,同義語
別居,同居
異業,同業
異系,同系
他校,当校
分化,統合
分裂,統合
不動産,動産
小乗,大乗
就職,退職
小食,大食
戦戦恐恐,泰然自若
小心,大胆
小胆,大胆
体外,体内
大納会,大発会
釈放,逮捕
少量,大量
不漁,大漁
気力,体力
独話,対話
アップロード,ダウンロード
国税,地方税
中央集権,地方分権
杜撰,緻密
散漫,緻密
天変,地変
起立,着席
離任,着任
完工,着工
離陸,着陸
歳暮,中元
地方,中央
新品,中古
追従,忠告
本文,注釈
周辺,中心
特性,通性
本名,通称
異説,通説
熟読,通読
ワンピース,ツーピース
特有,通有
熟覧,通覧
異例,通例
特例,通例
各論,通論
異論,通論
離す,つかむ
永久,束の間
月初め,月末
風変わり,月並み
逓増,逓減
屈服,抵抗
随時,定時
臨時,定時
淫奔,貞淑
高所,低所
淫婦,貞女
微酔,泥酔
変数,定数
定量分析,定性分析
異説,定説
不貞,貞節
応訴,提訴
受訴,提訴
高利,低利
不等式,等式
第三国,当事国
他社,当社
和合,闘争
抄本,謄本
被治者,統治者
静脈,動脈
夏眠,冬眠
他門,同門
異質,同質
異種,同種
退場,登場
落選,当選
静的,動的
句点,読点
非番,当番
起こす,倒す
益荒男,手弱女
鳩派,鷹派
自国,他国
一神教,多神教
悪筆,達筆
身内,他人
自分,他人
駿馬,駄馬
無勢,多勢
寡黙,多弁
閑暇,多忙
すわる,立つ
奪取,奪還
起稿,脱稿
染色,脱色
加入,脱退
逆臣,忠臣
末梢,中枢
持続,中絶
解毒,中毒
勧善,懲悪
短調,長調
祝電,弔電
短髪,長髪
麓,頂上
短身,長身
応戦,挑戦
圧力,張力
長男,長女
褒賞,懲罰
終礼,朝礼
短編,長編
曲筆,直筆
闇夜,月夜
発つ,着く
取れる,付く
実話,作り話
地声,作り声
消す,つける
喚く,呟く
切る,繋ぐ
折々,常々
稀に,常に
偶に,常に
漉し餡,粒餡
夫,妻
振袖,詰袖
梅雨明け,梅雨入り
弱い,強い
高率,低率
反定立,定立
足枷,手枷
味方,敵
与国,敵国
不適切,適切
不適当,適当
不適任,適任
やせ,でぶ
師,弟子
師匠,弟子
先生,弟子
欠格,適格
不適格,適格
看過,摘発
入り口,出口
平ら,凸凹
安定,動揺
西洋医学,東洋医学
先代,当主
異類,同類
近い,遠い
塞ぐ,通す
重要視,度外視
田舎,都会
損,得
度度,時折
度度,時時
共演,独演
合唱,独唱
一般,特殊
普遍,特殊
一般性,特殊性
画一性,多様性
少量,多量
複合,単一
全集,単行本
複式,単式
複雑,単純
長所,短所
長大,短小
鹹水湖,淡水湖
死亡,誕生
寒色,暖色
厳冬,暖冬
複数,単数
執着,断念
長寿,短命
深慮,短慮
曲言,直言
意訳,直訳
反射光,直射光
末子,長子
変化球,直球
直後,直前
半径,直径
間接,直接
曲線,直線
推論,直観
隆起,沈下
発火,鎮火
出火,鎮火
賃借,賃貸
賃貸権,賃借権
興奮,鎮静
新奇,陳腐
浮上,沈没
弱気,強気
弱腰,強腰
弱気筋,強気筋
弱材料,強材料
弱火,強火
弱み,強み
挫ける,貫く
ざらざら,つるつる
連れ出す,連れ込む
人為,天為
地獄,天国
凡才,天才
悪魔,天使
密集,点在
転貸,転借
貪欲,恬淡
実線,点線
転入,転出
革新,伝統
史実,伝説
合成樹脂,天然樹脂
伝受,伝授
地動説,天動説
天佑,天罰
人工,天然
模倣,独創
失点,得点
普通,特別
依存,独立
隷属,独立
従属,独立
失恋,得恋
固まる,溶ける
下山,登山
年下,年上
乱れる,整う
ウエット,ドライ
コミック,トラジック
捨てる,取る
敏感,鈍感
俊足な,鈍足
外,内
外,中
外因,内因
外科,内科
本職,内職
外苑,内苑
外勤,内勤
外径,内径
公示,内示
外在的,内在的
外需,内需
外部,内部
外援,内助
外用,内用
親王な,内親王
安産,難産
硬式,軟式
硬質,軟質
平易,難解
北西,南東
北上,南下
北欧,南欧
東西,南北
北極,南極
古妻,新妻
荷送り,荷受け
得手,苦手
得意に,苦手
出金,入金
出港,入港
落札,入札
退室,入室
退社,入社
退場,入場
除籍,入籍
落選,入選
除隊,入隊
退団,入団
三枚目,二枚目
強制,任意
自然界,人間界
神業ね,人間業
値上げ,値下げ
冷,熱
ポジ,ネガ
ポジティブ,ネガティブ
根明,根暗
馬面,猫面
憎悪,熱愛
冷気,熱気
寒帯,熱帯
不熱心,熱心
退屈,熱中
冷水,熱湯
微温湯,熱湯
諦めるの,粘る
淡,濃
清楚,濃艶
発会,納会
工業,農業
商業,農業
希薄,濃厚
淡白,濃厚
淡彩,濃彩
徴税,納税
宅地,農地
徴収,納入
受動,能動
農閑期,農繁期
受動的,能動的
拙文,能文
早死に,長生き
仲違い,仲直り
茶羽織,長羽織
ボルト,ナット
冬物,夏物
冬木立,夏木立
冬山,夏山
冬日,夏日
怒り肩,撫で肩
苗字,名前
働き者,怠け者
二つ返事,生返事
硬骨,軟骨
寂しい,賑やか
慈しみ,憎しみ
心眼,肉眼
菜食,肉食
草食,肉食
追う,逃げる
一元論,二元論
洋舞,日舞
月食,日食
本物,贋物
一毛作,二毛作
退院,入院
脱会,入会
卒業ぬ,入学
待ち針,縫い針
解く,縫う
刺す,抜く
はめる,抜く
着る,脱ぐ
履く,脱ぐ
被る,脱ぐ
熱燗,温燗
乾く,濡れる
覚める,眠る
起きる,寝る
立ち技,寝技
年少,年長
年末,年始
年末,年頭
訥弁,能弁
沈む,昇る
前々,後々
アブノーマル,ノーマル
先の世,後の世
先程,後程
町中,野中
飼い犬,野良犬
飼い猫,野良猫
てきぱき,のろのろ
せっかち,暢気
フィクションは,ノンフィクション
勝因,敗因
原価,売価
勝軍,敗軍
前景,背景
存続,廃止
存置,廃止
正史,稗史
摂取,排泄
臨書,背臨
出る,入る
追撃,敗走
正面,背面
勝訴,敗訴
利口,莫迦
建設,破壊
持戒,破戒
僅少ひ,莫大
西,東
醜,美
A.D.,B.C.
ヒロイン,ヒーロー
足す,引く
幸運,悲運
加害者,被害者
大袈裟,控え目
日向,日陰
雨傘,日傘
生菓子,干菓子
西風,東風
西側,東側
西日本,東日本
西半球,東半球
影ふ,光
固定給,歩合給
水車,風車
葉書,封書
無風流,風流
減る,増える
インフォーマル,フォーマル
色男,醜男
ピアニシモ,フォルティッシモ
上司,部下
浅い,深い
部内,部外
可逆,不可逆
貧困,富貴
仰角,俯角
確実ふ,不確実
ホワイト企業,ブラック企業
総合,分析
未開,文明
合同,分裂
統一,分裂
開,閉
不穏,平穏
開音節,閉音節
横紋筋,平滑筋
開館,閉館
源氏,平家
初経,閉経
開口,閉口
開校,閉校
開講ほ,閉講
凶,豊
閑,忙
攻,防
忘恩,報恩
暴食,暴飲
節食,暴食
失火,放火
外貨,邦貨
洋楽,邦楽
除外,包含
介入,傍観
防暑,防寒
行使,放棄
保持,放棄
仁君,暴君
直系,傍系
朔月,望月
厚情,薄情
浅学非才,博学多才
青眼,白眼
紅梅,白梅
青票,白票
玄米,白米
付与,剥奪
国産,舶来
怠ける,働く
消滅,発生
赤血球,白血球
受注,発注
誇る,恥じる
吸う,吐く
隠蔽,暴露
高給,薄給
根源的,派生的
当たり,外れ
解熱,発熱
撤兵,派兵
アクティブ,パッシブ
闇,光
避暑,避寒
此岸,彼岸
楽観的,悲観的
断る,引き受ける
足し算,引き算
満ち潮,引き潮
加虐,被虐
エキスパート,ビキナー
貴金属,卑金属
金属,非金属
比丘尼,比丘
高い,低い
可決,否決
微増,微減
公開,非公開
公式,非公式
合理的,非合理的
強烈,微弱
巨視的,微視的
美男,美女
悪女,美女
浅さ,深さ
浅手,深手
可能,不可能
可分,不可分
仰望,俯瞰
仰視,俯瞰
正極,負極
母系,父系
完全,不完全
上機嫌,不機嫌
起訴,不起訴
火急,不急
器用,不器用
主因,副因
禍因,福因
仰臥,伏臥
横臥,伏臥
休学,復学
停学,復学
単眼,複眼
本業,副業
主産物,副産物
抜小路,袋小路
交差,平行
分割,併合
非常,平常
戦時,平時
愕然,平然
山地,平地
山地,平野
開店,閉店
高熱,平熱
微熱,平熱
閏年,平年
開門,閉門
開放,閉鎖
共学,別学
立方根,平方根
非凡,平凡
開幕,閉幕
貴族,平民
曲面,平面
側面図,平面図
立面図,平面図
立体的,平面的
直列,並列
悪臭,芳香
興国,亡国
凶作,豊作
棒下げ,棒上げ
備蓄,放出
飢餓,飽食
外人,邦人
攻戦,防戦
統制,放任
干渉,放任
定住,放浪
代替財,補完財
君,僕
不飽和脂肪酸,飽和脂肪酸
貧弱,豊富
俗名,法名
充電,放電
末尾,冒頭
暴騰,暴落
高騰,暴落
被保険者,保険者
粉雪,牡丹雪
沈黙,発言
停車,発車
受信,発信
廃れる,流行る
アンバランス,バランス
普段着,晴れ着
廉恥,破廉恥
丁,半
衰微,繁栄
倍増,半減
好意,反感
主流派,反主流派
搬出,搬入
常磁性,反磁性
主戦論,反戦論
醜女,美女
哄笑,微笑
露わ,密か
舌禍,筆禍
口述試験,筆記試験
口述,筆述
偶然,必然
蓋然,必然
口答,筆答
不要,必要
世辞,皮肉
肯定,否定
是認,否認
積分,微分
公然,秘密
単式簿記,複式簿記
公平,不公平
合理,不合理
アマ,プロ
反抗,服従
不戦敗,不戦勝
祝儀,不祝儀
上首尾,不首尾
純粋,不純
清浄,不浄
外様,譜代
氷点,沸点
充足,不足
上出来,不出来
筆忠実,筆不精
戦争,平和
オプティミスト,ペシミスト
オプティミズム,ペシミズム
同人,別人
一緒,別々
敬称,蔑称
ライト,ヘビー
ホモ,ヘテロ
博愛,偏愛
没収,返還
正則,変則
不変,変化
遍在,偏在
常事,変事
保父,保母
迫害,保護
自由貿易,保護貿易
恥ずかしい,誇らしい
投手,捕手
革新,保守
父性愛,母性愛
太い,細い
クール,ホット
決定,保留
けなす,褒める
謗る,褒める
興す,滅ぼす
不本意,本意
一朶,万朶
同調,反駁
正比例,反比例
回収,頒布
帰順,反逆
恭順,反逆
漠然,判然
エンデミック,パンデミック
親日,反日
親米,反米
閑散,繁忙
定立,反立
反発,反落
方言,標準語
裏面,表面
不毛,肥沃
悪徳,美徳
閉じる,開く
強力,非力
悪名,美名
極夜,白夜
緩慢,敏捷
福相,貧相
富裕,貧乏
福の神,貧乏神
正当,不当
可変,不変
貧困,富裕
可溶性,不溶性
有利,不利
慇懃,無礼
慇懃講,無礼講
パブリック,プライベート
武官,文官
口語,文語
文末,文頭
集結,分散
常人,変人
下痢,便秘
双務,片務
不便,便利
生前,没後
生年,没年
車道,歩道
牝馬,牡馬
骨細,骨太
保険料,保険金
破格,本格
分家,本家
妾,本妻
奇策,凡策
支店,本店
支流,本流
間道ま,本道
後ろ,前
メジャー,マイナー
プラス,マイナス
隔日,毎日
マジョリティー,マイノリティー
真下,真上
奥歯,前歯
後金,前金
後厄,前厄
ミクロ,マクロ
勝ち,負け
勝ち戦,負け戦
逆夢,正夢
不真面目,真面目
サディズム,マゾヒズム
股下,股上
もうみ,まだ
既,未
恋愛結婚,見合い結婚
見下ろす,見上げる
見つける,見失う
出迎え,見送り
既刊,未刊
左,右
北,南
解決,未解決
完成,未完成
左手,右手
左巻き,右巻き
左四つ,右四つ
既済,未済
長い,短い
マスター,ミストレス
成年む,未成年
今,昔
有意,無意
有縁,無縁
博学,無学
今風,昔風
有期,無期
有機,無機
有機化学,無機化学
有機物,無機物
有給,無給
お喋り,無口
多芸,無芸
有形資産,無形資産
無限小,無限大
有罪,無罪
作為,無作為
常住,無常
有償め,無償
暗,明
悟,迷
愚案,名案
曖昧,明確
暗君,明君
駄犬,名犬
大略,明細
暗示,明示
暗色,明色
不明,明白
実質,名目
実質的,名目的
曖昧,明瞭
目下,目上
牡牛,雌牛
男神,女神
目尻,目頭
男木,女木
メゾフォルテも,メゾピアノ
季夏,孟夏
廃する,設ける
受け付ける,申し込む
季秋,孟秋
季春,孟春
季冬,孟冬
適評,妄評
消える,燃える
モボ,モガ
本試験,模擬試験
目送,目迎
実測,目測
手段,目的
普通税,目的税
供述,黙秘
草本,木本
実物,模型
クラシック,モダン
始祖,末裔
初期,末期
中枢神経,末梢神経
先端,末端
真っ白,真っ黒
真っ青,真っ赤
教える,学ぶ
真夏,真冬
片帆,真帆
悟る,迷う
角,丸
×,○
ざら,まれ
近道,回り道
新月,満月
未了,満了
不満,満足
既設,未設
顕教,密教
既知,未知
既知数,未知数
超過,未満
散在,密集
疎林,密林
既定,未定
実印,認め印
愚案,妙案
拙技,妙技
悪手,妙手
国営,民営
官界,民間
刑事,民事
君主国,民主国
独裁政治,民主政治
封建的,民主的
マキシマム,ミニマム
既納,未納
現物,見本
既収,未収
多趣味,無趣味
神経質,無神経
有神論,無神論
有数,無数
無下,無上
有色,無色
有翅類,無翅類
有職,無職
有人,無人
解く,結ぶ
有性生殖,無性生殖
生物,無生物
脊椎動物,無脊椎動物
有線,無線
博識,無知
有配,無配
多病,無病
貪欲,無欲
強欲,無欲
道理,無理
有料,無料
シミリ,メタファー
地金,鍍金
興隆,滅亡
目の薬,目の毒
ユーザー,メーカー
デメリット,メリット
フィジカル,メンタル
粗雑,綿密
杜撰,綿密
粳米,糯米
鮫肌,餅肌
借り家,持ち家
カラー,モノクロ
バラエティー,モノトニー
ダイアローグ,モノローグ
行く,戻る
物覚え,物忘れ
片恋,諸恋
片手,諸手
片膝,諸膝
片結び,諸結び
片刃,諸刃
片肌,諸肌
インモラル,モラル
専門家,門外漢
識字や,文盲
谷,山
野,山
海,山
朝雨,夜雨
一重,八重
一重桜,八重桜
昼間,夜間
日勤,夜勤
原語,訳語
原文,訳文
倍数,約数
解約,約束
公僕精神,役人根性
昼行性,夜行性
難しい,易しい
厳しい,優しい
家畜,野獣
上物,安物
上宿,安宿
都会的,野性的
知性派,野性派
家禽ゆ,野鳥
劣位,優位
唯心論,唯物論
無意義,有意義
明朗,憂鬱
無益,有益
劣等感,優越感
劣等生,優等生
臆病,勇敢
朝刊,夕刊
無害,有害
冷遇,優遇
無形,有形
無形文化財,有形文化財
無限,有限
敵対,友好
無効,有効
劣等,優秀
劣勢,優勢
劣性,優性
無酸素運動,有酸素運動
無税よ,有税
昼,夜
日暮れ,夜明け
朝嵐,夜嵐
剰員,要員
邦画,洋画
日本画,洋画
花芽,葉芽
羽化,蛹化
成魚,幼魚
和犬,洋犬
和語,洋語
侵害,擁護
根菜類,葉菜類
実子,養子
和紙,洋紙
不養生,養生
天然,養殖
排水,用水
陰性,陽性
不用心,用心
日本酒,洋酒
成虫,幼虫
陰電子ら,陽電子
今期,来期
前期,来期
先期,来期
往者,来者
往訪,来訪
渡航,来航
宅診,来診
及第,落第
発奮,落胆
洛外,洛中
有頂天,落胆
厭世,楽天
厭世的,楽天的
栄達,落魄
存命,落命
常緑樹,落葉樹
悲観,楽観
悲観的,楽観的
忠臣,乱臣
治世,乱世
精巣,卵巣
正反射,乱反射
スモールり,ラージ
現実主義,理想主義
元金,利息
平面,立体
海,陸
座像,立像
プア,リッチ
堪忍,立腹
欠点,利点
損失,利得
詳言,略言
正字,略字
本字,略字
来日,離日
悪妻,良妻
悪性,良性
片手,両手
質的,量的
不良品,良品
固定的,流動的
片面,両面
悪友,良友
悪縁,良縁
与党,野党
太る,痩せる
山女,山男
谷風,山風
谷折り,山折り
海鳴り,山鳴り
沖言葉,山言葉
下町,山の手
海辺,山辺
独り占め,山分け
治る,病む
続ける,止める
寡夫,寡婦
オールド,ヤング
凝固点,融点
不徳,有徳
無毒,有毒
劣等,優等
無能,有能
雌伏,雄飛
貧困,裕福
訥弁,雄弁
絶望,有望
無名,有名
劣悪,優良
不快,愉快
無力,有力
天井,床
床上,床下
輸入,輸出
溶媒,溶質
実父母,養父母
徴兵,傭兵
奨励,抑圧
痩地,沃地
決算,予算
復習,予習
本選,予選
結果,予想
日中,夜中
昼中,夜中
不足分,余分
悲しむ,喜ぶ
強がりり,弱音
アクション,リアクション
ロマンチスト,リアリスト
損失,利益
雅語,俚語
利上げ,利下げ
文科,理科
着岸,離岸
接岸,離岸
鈍器,利器
支点,力点
感情,理性
感情的,理性的
盲目的,理性的
悪質,良質
バッチ処理,リアルタイム処理
支離滅裂,理路整然
実践,理論
実務家,理論家
実践的,理論的
行動派,理論派
トーナメント,リーグ戦
定例,臨時
定期,臨時
経常費,臨時費
常雇い,臨時雇い
基礎医学る,臨床医学
自火,類火
累加,累減
累増,累減
種概念,類概念
反対語,類語
相違,類似
球審,塁審
逆進税,累進税
静止,流転
ストリクト,ルーズ
タイトフィット,ルーズフィット
定住,流浪
在宅,留守
優,劣
肉界,霊界
温血動物,冷血動物
肉体,霊魂
熱血漢,冷血漢
温情家れ,冷血漢
厚遇,冷遇
大企業,零細企業
令嬢,令息
興奮,冷静
温泉,冷泉
熱戦,冷戦
解凍,冷凍
暖房,冷房
薄暮,黎明
親切,冷淡
平服,礼服
スタッカート,レガート
連敗,連勝
オリジナル,レプリカ
連夜,連日
ノンレム睡眠,レム睡眠
読み切り,連載
輪作,連作
断続,連続
単発,連続
間欠的ろ,連続的
ハイ,ロー
節約,浪費
貯蓄,浪費
経営者,労働者
資本家,労働者
悲報,朗報
老婆,老爺
幼稚,老練
悲話,朗話
隠蔽,露見
婉曲,露骨
遮蔽,露出
被覆,露出
ピッチング,ローリング
グローバル,ローカル
実況,録画
ショート,ロング
非論理的わ,論理的
X軸,Y軸
巨躯,矮躯
巨星,矮星
ナロー,ワイド
洋傘,和傘
決裂,和解
離反,和合
洋菓子,和菓子
大旦那,若旦那
洋楽器,和楽器
漢語,和語
古手,若手
洋裁,和裁
老人,若人
幸い,災い
洋算,和算
洋式,和式
洋室,和室
洋書,和書
洋食,和食
晩生,早生
奥手,早生
公事わ,私事
留鳥,渡り鳥
洋風,和風
洋服,和服
欧文,和文
洋本,和本
ハズバンド,ワイフ
泣く,笑う
良い,悪い
彼,我
良さ,悪さ
掛け算,割り算
割安,割高
ベスト,ワースト
湾外,湾内
